Style["E", Bold],Style["|\!\(\*SubscriptBox[\(ψ\), \(E\)]\)〉", Bold],Style["〈\!\(\*SubscriptBox[\(J\), \(z\)]\)〉", Bold]
---,---,---
1.8032751469627785e10,"{-0.0007304469014447893*Style["|0,-1〉", Bold], 0.9999997332236265*Style["|-1,0〉", Bold]}",-0.9999999999999999
1.8032751469627785e10,"{0.9999997332236265*Style["|1,0〉", Bold], -0.0007304469014447897*Style["|0,1〉", Bold]}",0.9999999999999999
1.801523107266816e10,"{0.7071064018686761*Style["|1,-1〉", Bold], -0.0010357956695105914*Style["|0,0〉", Bold], 0.7071064018686757*Style["|-1,1〉", Bold]}",0.
1.801521174459838e10,"{-0.7071067811865471*Style["|1,-1〉", Bold], 5.84880656760434*^-19*Style["|0,0〉", Bold], 0.7071067811865478*Style["|-1,1〉", Bold]}",0.
1.7988068384071365e10,"{1.*Style["|1,1〉", Bold]}",2.
1.7988068384071365e10,"{1.*Style["|-1,-1〉", Bold]}",-2.
-3.1111405292907715e7,"{0.9999997332236265*Style["|0,-1〉", Bold], 0.0007304469014447894*Style["|-1,0〉", Bold]}",-0.9999999999999999
-3.111140529289627e7,"{0.0007304469014447897*Style["|1,0〉", Bold], 0.9999997332236265*Style["|0,1〉", Bold]}",0.9999999999999999
-19328.06977081299,"{0.0007324181418346003*Style["|1,-1〉", Bold], 0.9999994635635217*Style["|0,0〉", Bold], 0.0007324181418345988*Style["|-1,1〉", Bold]}",0.