Style["E", Bold],Style["|\!\(\*SubscriptBox[\(ψ\), \(E\)]\)〉", Bold],Style["〈\!\(\*SubscriptBox[\(J\), \(z\)]\)〉", Bold]
---,---,---
4.307713991092749e9,"{-0.00048692012741718705*Style["|0,-1〉", Bold], 0.9999998814543878*Style["|-1,0〉", Bold]}",-1.0000000000000002
4.305081823753211e9,"{3.562109518407965*^-7*Style["|1,-1〉", Bold], -0.0004877957223981751*Style["|0,0〉", Bold], 0.9999998810275961*Style["|-1,1〉", Bold]}",0.
4.300445137738648e9,"{1.*Style["|-1,-1〉", Bold]}",-2.
1.432290100157482e9,"{0.9999989323113253*Style["|1,0〉", Bold], -0.001461292650158726*Style["|0,1〉", Bold]}",1.
1.4293422859497705e9,"{0.9999989207185666*Style["|1,-1〉", Bold], -0.0014692040535700549*Style["|0,0〉", Bold], -1.0728821476938297*^-6*Style["|-1,1〉", Bold]}",0.
1.4253348622613518e9,"{1.*Style["|1,1〉", Bold]}",2.
-4109.702973365784,"{0.001469204402122639*Style["|1,-1〉", Bold], 0.9999988017466732*Style["|0,0〉", Bold], 0.0004877946725827342*Style["|-1,1〉", Bold]}",0.
-4.795237896128893e6,"{0.0014612926501587258*Style["|1,0〉", Bold], 0.9999989323113253*Style["|0,1〉", Bold]}",1.
-5.108853354099274e6,"{0.9999998814543878*Style["|0,-1〉", Bold], 0.00048692012741718705*Style["|-1,0〉", Bold]}",-1.0000000000000002